Réseau;Pays magasin;Magasin;Code magasin;Type boutique;Surface magasin (*);Climat;Environnement concurrentiel;Traffic;Clientèle;Saisonnalité;Géographie;Mall;Comportement d'achat;Panier moyen € HT (Taux budget);Indice de vente
RETAIL EUROPE;UNITED KINGDOM;Magasin_99;286;GM;55;FROID;PREMIUM;LOW;LOCALE;PAS SAISONNIERE;CENTRE PETITE VILLE;OUI;CLIENT FULL PRICE;267,4389496;1,297333333
RETAIL EUROPE;FRANCE;Magasin_49;381;GM;22;CHAUD;;;;;;OUI;CLIENT FULL PRICE;207,1026171;1,132231405
RETAIL EUROPE;FRANCE;Magasin_39;41;GM;75;TEMPERE;PREMIUM;LOW;LOCALE;PAS SAISONNIERE;CENTRE PETITE VILLE;OUI;CLIENT DISCOUNT;195,3757293;1,198321091
RETAIL EUROPE;ALLEMAGNE;Magasin_193;303;BOUTIQUE;139;TEMPERE;LUXE;LOW;LOCALE;PAS SAISONNIERE;CENTRE VILLE GRANDE VILLE;;CLIENT FULL PRICE;320,7888635;1,78004906
RETAIL EUROPE;FRANCE;Magasin_190;59;GM;35;TEMPERE;PREMIUM;HIGH;LOCALE;PAS SAISONNIERE;CENTRE VILLE GRANDE VILLE;OUI;CLIENT DISCOUNT;171,8437283;1,268786127
RETAIL EUROPE;PORTUGAL;Magasin_161;454;GM;0;CHAUD;PREMIUM;HIGH;TOURISTE;PAS SAISONNIERE;CENTRE VILLE GRANDE VILLE;OUI;CLIENT FULL PRICE;;
RETAIL EUROPE;UNITED KINGDOM;Magasin_18;38;BOUTIQUE;110;TEMPERE;PREMIUM;LOW;LOCALE;PAS SAISONNIERE;CENTRE VILLE GRANDE VILLE;;CLIENT FULL PRICE;279,2266404;1,608834827
RETAIL EUROPE;UNITED KINGDOM;Magasin_101;105;BOUTIQUE;84;TEMPERE;PREMIUM;HIGH;LOCALE;PAS SAISONNIERE;CENTRE VILLE GRANDE VILLE;;CLIENT DISCOUNT;239,8816701;1,371019108
RETAIL EUROPE;FRANCE;Magasin_79;55;BOUTIQUE;196;CHAUD;;;;;;;CLIENT FULL PRICE;232,7621541;1,390225564
RETAIL EUROPE;ALLEMAGNE;Magasin_69;340;GM;64;TEMPERE;LUXE;LOW;TOURISTE;PAS SAISONNIERE;CENTRE VILLE GRANDE VILLE;OUI;CLIENT FULL PRICE;205,9988304;1,20662768
RETAIL EUROPE;FRANCE;Magasin_63;160;GM;37;TEMPERE;MASS;LOW;LOCALE;PAS SAISONNIERE;CENTRE PETITE VILLE;OUI;CLIENT DISCOUNT;189,3174347;1,093701997
RETAIL EUROPE;FRANCE;Magasin_52;271;GM;50;CHAUD;;;;;;OUI;CLIENT FULL PRICE;215,8098317;1,300990099
RETAIL EUROPE;ALLEMAGNE;Magasin_10;337;BOUTIQUE;187;TEMPERE;LUXE;LOW;LOCALE;PAS SAISONNIERE;CENTRE PETITE VILLE;;CLIENT FULL PRICE;266,6562728;1,479902558
RETAIL EUROPE;PORTUGAL;Magasin_160;317;GM;58;CHAUD;PREMIUM;HIGH;TOURISTE;PAS SAISONNIERE;CENTRE VILLE GRANDE VILLE;OUI;CLIENT FULL PRICE;234,6379255;1,276172126
RETAIL EUROPE;FRANCE;Magasin_13;154;BOUTIQUE;49;CHAUD;;;;;;;CLIENT FULL PRICE;187,505062;1,697857948
RETAIL EUROPE;ESPAGNE;Magasin_164;386;GM;59,5;TEMPERE;PREMIUM;LOW;LOCALE;PAS SAISONNIERE;CENTRE PETITE VILLE;OUI;CLIENT FULL PRICE;163,9051232;1,050492611
RETAIL EUROPE;FRANCE;Magasin_51;263;GM;34;CHAUD;;;;;;OUI;CLIENT FULL PRICE;151,1467674;1,241860465
RETAIL EUROPE;FRANCE;Magasin_78;349;BOUTIQUE;185,3;TEMPERE;MASS;LOW;LOCALE;PAS SAISONNIERE;CENTRE PETITE VILLE;;CLIENT DISCOUNT;237,1439925;1,385481852
RETAIL EUROPE;FRANCE;Magasin_138;127;GM;78,8;FROID;PREMIUM / MASS;HIGH;TOURISTE;PAS SAISONNIERE;CENTRE PETITE VILLE;OUI;CLIENT FULL PRICE;294,731148;1,755218216
RETAIL EUROPE;FRANCE;Magasin_179;16;BOUTIQUE;73;CHAUD;PREMIUM;LOW;LOCALE;Saisonnière littoral;CENTRE PETITE VILLE;;CLIENT FULL PRICE;239,7401113;1,558704453
RETAIL EUROPE;ALLEMAGNE;Magasin_136;164;GM;46;TEMPERE;PREMIUM;LOW;TOURISTE;PAS SAISONNIERE;CENTRE VILLE GRANDE VILLE;OUI;CLIENT FULL PRICE;260,1348753;1,44598338
RETAIL EUROPE;FRANCE;Magasin_116;360;GM;34;TEMPERE;;;;;;OUI;CLIENT FULL PRICE;212,5233724;1,182669789
RETAIL EUROPE;FRANCE;Magasin_41;58;GM;42;TEMPERE;;;;;;OUI;CLIENT FULL PRICE;153,441952;1,201201201
RETAIL EUROPE;ITALIE;Magasin_77;79;BOUTIQUE;136;TEMPERE;PREMIUM;LOW;LOCALE;PAS SAISONNIERE;CENTRE VILLE GRANDE VILLE;;CLIENT FULL PRICE;294,2192835;1,963257808
RETAIL EUROPE;FRANCE;Magasin_46;225;GM;12;TEMPERE;PREMIUM / MASS;LOW;LOCALE;PAS SAISONNIERE;CENTRE VILLE GRANDE VILLE;OUI;CLIENT DISCOUNT;218,0576429;0,992857143
RETAIL EUROPE;FRANCE;Magasin_44;106;GM;32;TEMPERE;PREMIUM / MASS;LOW;LOCALE;PAS SAISONNIERE;CENTRE VILLE GRANDE VILLE;OUI;CLIENT DISCOUNT;134,2823256;1,081395349
RETAIL EUROPE;FRANCE;Magasin_119;27;GM;40;CHAUD;;;;;;OUI;CLIENT FULL PRICE;223,7638864;1,268148148
RETAIL EUROPE;FRANCE;Magasin_62;379;GM;17;TEMPERE;LUXE;LOW;LOCALE;PAS SAISONNIERE;CENTRE PETITE VILLE;OUI;CLIENT FULL PRICE;212,0889239;1,209973753
RETAIL EUROPE;FRANCE;Magasin_38;228;GM;19;TEMPERE;PREMIUM;LOW;LOCALE;PAS SAISONNIERE;CENTRE VILLE GRANDE VILLE;OUI;CLIENT FULL PRICE;217,6637563;1,26142132
RETAIL EUROPE;ESPAGNE;Magasin_187;188;BOUTIQUE;136;TEMPERE;PREMIUM;LOW;LOCALE;PAS SAISONNIERE;CENTRE PETITE VILLE;;CLIENT FULL PRICE;217,2179462;1,358064516
RETAIL EUROPE;FRANCE;Magasin_55;29;GM;51;TEMPERE;PREMIUM;HIGH;LOCALE;PAS SAISONNIERE;CENTRE VILLE GRANDE VILLE;OUI;CLIENT FULL PRICE;270,1770385;1,427315754
RETAIL EUROPE;FRANCE;Magasin_35;262;GM;33;CHAUD;;;;;;OUI;CLIENT FULL PRICE;154,8761303;1,213228036
RETAIL EUROPE;UNITED KINGDOM;Magasin_98;285;GM;36,5;TEMPERE;MASS;LOW;LOCALE;PAS SAISONNIERE;CENTRE PETITE VILLE;OUI;CLIENT FULL PRICE;276,9484781;1,360962567
RETAIL EUROPE;FRANCE;Magasin_74;25;BOUTIQUE;46;TEMPERE;;;;;;;CLIENT FULL PRICE;200,3192972;1,297188755
RETAIL EUROPE;ALLEMAGNE;Magasin_177;327;BOUTIQUE;195;TEMPERE;PREMIUM;LOW;LOCALE;PAS SAISONNIERE;CENTRE VILLE GRANDE VILLE;;CLIENT FULL PRICE;286,3314533;1,558666667
RETAIL EUROPE;SUISSE;Magasin_89;238;BOUTIQUE;189;TEMPERE;PREMIUM;LOW;LOCALE;PAS SAISONNIERE;CENTRE PETITE VILLE;;CLIENT FULL PRICE;356,05083;1,878125
RETAIL EUROPE;FRANCE;Magasin_33;56;GM;56;TEMPERE;;;;;;OUI;CLIENT FULL PRICE;275,0910385;1,56025641
RETAIL EUROPE;UNITED KINGDOM;Magasin_16;86;BOUTIQUE;71;TEMPERE;PREMIUM;LOW;LOCALE;PAS SAISONNIERE;CENTRE VILLE GRANDE VILLE;;CLIENT FULL PRICE;257,5498565;1,3926097
RETAIL EUROPE;SUISSE;Magasin_107;282;GM;35;TEMPERE;PREMIUM;HIGH;LOCALE;PAS SAISONNIERE;CENTRE VILLE GRANDE VILLE;OUI;CLIENT FULL PRICE;330,518827;1,573275862
RETAIL EUROPE;ESPAGNE;Magasin_162;447;GM;0;CHAUD;PREMIUM;LOW;TOURISTE;Saisonnière littoral;CENTRE PETITE VILLE;OUI;CLIENT FULL PRICE;;
RETAIL EUROPE;FRANCE;Magasin_32;135;BOUTIQUE;78;TEMPERE;;;;;;;CLIENT FULL PRICE;225,8366952;1,286413709
RETAIL EUROPE;FRANCE;Magasin_128;170;GM;79;TEMPERE;MASS;LOW;TOURISTE;PAS SAISONNIERE;CENTRE PETITE VILLE;OUI;CLIENT FULL PRICE;202,0239262;1,178958785
RETAIL EUROPE;ITALIE;Magasin_144;397;BOUTIQUE;71,5;CHAUD;PREMIUM;LOW;TOURISTE;PAS SAISONNIERE;centre ville moyen;;CLIENT FULL PRICE;312,1252;1,75
RETAIL EUROPE;FRANCE;Magasin_180;330;BOUTIQUE;720,95;TEMPERE;LUXE;LOW;TOURISTE;PAS SAISONNIERE;CENTRE VILLE GRANDE VILLE;;CLIENT FULL PRICE;384,8495592;2,116959064
RETAIL EUROPE;FRANCE;Magasin_43;147;GM;23;TEMPERE;;;;;;OUI;CLIENT FULL PRICE;209,6405319;1,070212766
RETAIL EUROPE;SUISSE;Magasin_86;352;BOUTIQUE;117;TEMPERE;LUXE;LOW;TOURISTE;Saisonnière Montagne;CENTRE PETITE VILLE;;CLIENT FULL PRICE;382,6905096;2,040636042
RETAIL EUROPE;FRANCE;Magasin_60;7;GM;93;TEMPERE;PREMIUM;MEDIUM;TOURISTE;PAS SAISONNIERE;CENTRE VILLE GRANDE VILLE;OUI;CLIENT DISCOUNT;279,6021772;1,372203996
RETAIL EUROPE;FRANCE;Magasin_59;24;GM;43;TEMPERE;PREMIUM;LOW;TOURISTE;PAS SAISONNIERE;CENTRE VILLE GRANDE VILLE;OUI;CLIENT DISCOUNT;190,8912227;1,320079523
RETAIL EUROPE;UNITED KINGDOM;Magasin_97;117;GM;46;TEMPERE;PREMIUM;LOW;LOCALE;PAS SAISONNIERE;CENTRE VILLE GRANDE VILLE;OUI;CLIENT FULL PRICE;359,0041132;1,623188406
RETAIL EUROPE;ITALIE;Magasin_30;208;GM;44;CHAUD;PREMIUM / MASS;LOW;TOURISTE;PAS SAISONNIERE;centre ville moyen;OUI;CLIENT DISCOUNT;217,4448451;1,336283186
RETAIL EUROPE;ITALIE;Magasin_26;429;GM;0;TEMPERE;PREMIUM / MASS;LOW;LOCALE;PAS SAISONNIERE;CENTRE VILLE GRANDE VILLE;OUI;CLIENT DISCOUNT;314,8955102;1,66180758
RETAIL EUROPE;FRANCE;Magasin_188;137;BOUTIQUE;102;CHAUD;PREMIUM;LOW;TOURISTE;Saisonnière littoral;CENTRE PETITE VILLE;;CLIENT FULL PRICE;277,075945;1,660652921
RETAIL EUROPE;UNITED KINGDOM;Magasin_31;77;BOUTIQUE;82;TEMPERE;MASS;LOW;LOCALE;PAS SAISONNIERE;CENTRE PETITE VILLE;;CLIENT FULL PRICE;247,9096039;1,366222222
RETAIL EUROPE;ESPAGNE;Magasin_7;167;BOUTIQUE;145;CHAUD;LUXE;LOW;TOURISTE;PAS SAISONNIERE;CENTRE VILLE GRANDE VILLE;;CLIENT FULL PRICE;250,295249;1,429460581
RETAIL EUROPE;FRANCE;Magasin_206;351;BOUTIQUE;69;CHAUD;;;;;;;CLIENT FULL PRICE;265,871973;1,422285309
RETAIL EUROPE;UNITED KINGDOM;Magasin_22;442;GM;0;TEMPERE;PREMIUM;LOW;LOCALE;PAS SAISONNIERE;CENTRE PETITE VILLE;OUI;CLIENT FULL PRICE;198,2143232;0,923529412
RETAIL EUROPE;FRANCE;Magasin_84;95;BOUTIQUE;190;TEMPERE;PREMIUM;LOW;LOCALE;PAS SAISONNIERE;CENTRE VILLE GRANDE VILLE;;CLIENT FULL PRICE;225,2889794;1,280874786
RETAIL EUROPE;SUISSE;Magasin_141;74;BOUTIQUE;94;TEMPERE;PREMIUM;LOW;LOCALE;PAS SAISONNIERE;CENTRE VILLE GRANDE VILLE;;CLIENT FULL PRICE;329,2136191;1,773484344
RETAIL EUROPE;SUISSE;Magasin_109;420;GM;0;TEMPERE;MASS;LOW;LOCALE;PAS SAISONNIERE;PERIPHERIE;OUI;CLIENT FULL PRICE;226,6759021;1,190348525
RETAIL EUROPE;FRANCE;Magasin_120;209;GM;61;TEMPERE;;;;;;OUI;CLIENT FULL PRICE;202,9756959;1,171929825
RETAIL EUROPE;FRANCE;Magasin_36;254;GM;64;CHAUD;;;;;;OUI;CLIENT FULL PRICE;231,2420218;1,286648501
RETAIL EUROPE;ESPAGNE;Magasin_82;113;BOUTIQUE;86;CHAUD;PREMIUM;LOW;LOCALE;PAS SAISONNIERE;CENTRE VILLE GRANDE VILLE;;CLIENT FULL PRICE;222,5490768;1,349585062
RETAIL EUROPE;FRANCE;Magasin_143;11;BOUTIQUE;69;TEMPERE;PREMIUM;MEDIUM;TOURISTE;PAS SAISONNIERE;CENTRE VILLE GRANDE VILLE;;CLIENT FULL PRICE;229,9698803;1,302656192
RETAIL EUROPE;ESPAGNE;Magasin_148;385;GM;46;CHAUD;PREMIUM;LOW;LOCALE;PAS SAISONNIERE;CENTRE VILLE GRANDE VILLE;OUI;CLIENT FULL PRICE;149,9235319;0,850415512
RETAIL EUROPE;FRANCE;Magasin_70;43;BOUTIQUE;177;CHAUD;;;;;;;CLIENT FULL PRICE;271,0339861;1,700751011
RETAIL EUROPE;FRANCE;Magasin_105;426;BOUTIQUE;187;TEMPERE;;;;;;;CLIENT FULL PRICE;311,1495627;1,544460641
RETAIL EUROPE;ESPAGNE;Magasin_146;305;GM;114,7;CHAUD;PREMIUM;LOW;LOCALE;PAS SAISONNIERE;CENTRE VILLE GRANDE VILLE;OUI;CLIENT FULL PRICE;189,0919279;1,101123596
RETAIL EUROPE;ESPAGNE;Magasin_157;446;GM;0;CHAUD;PREMIUM;LOW;LOCALE;PAS SAISONNIERE;CENTRE VILLE GRANDE VILLE;OUI;CLIENT FULL PRICE;202,124438;1,100864553
RETAIL EUROPE;ITALIE;Magasin_76;240;BOUTIQUE;89,5;TEMPERE;PREMIUM;MEDIUM;TOURISTE;PAS SAISONNIERE;CENTRE VILLE GRANDE VILLE;;CLIENT FULL PRICE;394,8591299;2,177272727
RETAIL EUROPE;FRANCE;Magasin_65;4;BOUTIQUE;123,7;TEMPERE;PREMIUM;LOW;LOCALE;PAS SAISONNIERE;CENTRE VILLE GRANDE VILLE;;CLIENT FULL PRICE;230,5099662;1,356871036
RETAIL EUROPE;ITALIE;Magasin_25;177;BOUTIQUE;108;CHAUD;PREMIUM;MEDIUM;TOURISTE;PAS SAISONNIERE;CENTRE VILLE GRANDE VILLE;;CLIENT FULL PRICE;318,3258387;1,931928687
RETAIL EUROPE;UNITED KINGDOM;Magasin_20;428;GM;0;TEMPERE;PREMIUM;LOW;LOCALE;PAS SAISONNIERE;CENTRE PETITE VILLE;OUI;CLIENT FULL PRICE;222,1246648;1,063339731
RETAIL EUROPE;ESPAGNE;Magasin_156;404;GM;0;CHAUD;PREMIUM;LOW;LOCALE;PAS SAISONNIERE;CENTRE VILLE GRANDE VILLE;OUI;CLIENT FULL PRICE;156,0406141;0,91193511
RETAIL EUROPE;ESPAGNE;Magasin_155;319;GM;66;CHAUD;PREMIUM;HIGH;TOURISTE;PAS SAISONNIERE;CENTRE VILLE GRANDE VILLE;OUI;CLIENT FULL PRICE;201,8527957;1,090299685
RETAIL EUROPE;FRANCE;Magasin_67;268;BOUTIQUE;243;TEMPERE;PREMIUM / MASS;LOW;TOURISTE;PAS SAISONNIERE;CENTRE VILLE GRANDE VILLE;OUI;CLIENT FULL PRICE;273,7041728;1,547181373
RETAIL EUROPE;BELGIQUE;Magasin_91;69;BOUTIQUE;86;TEMPERE;LUXE;LOW;TOURISTE;Saisonnière littoral;CENTRE PETITE VILLE;;CLIENT FULL PRICE;263,1293569;1,533365571
RETAIL EUROPE;FRANCE;Magasin_37;277;GM;32;CHAUD;;;;;;OUI;CLIENT FULL PRICE;212,6449926;1,072808321
RETAIL EUROPE;SUISSE;Magasin_172;299;BOUTIQUE;56;FROID;LUXE;LOW;TOURISTE;Saisonnière Montagne;STATION SKI;;CLIENT FULL PRICE;351,2518937;1,937878788
RETAIL EUROPE;FRANCE;Magasin_112;140;GM;25;CHAUD;;;;;;OUI;CLIENT FULL PRICE;131,4117057;1,086956522
RETAIL EUROPE;FRANCE;Magasin_73;150;BOUTIQUE;96,5;TEMPERE;;;;;;;CLIENT FULL PRICE;215,1865181;1,352805534
RETAIL EUROPE;SUISSE;Magasin_110;297;GM;35;TEMPERE;PREMIUM;LOW;LOCALE;PAS SAISONNIERE;CENTRE VILLE GRANDE VILLE;OUI;CLIENT FULL PRICE;265,478918;1,297680412
RETAIL EUROPE;FRANCE;Magasin_40;144;GM;4;TEMPERE;LUXE;LOW;LOCALE;PAS SAISONNIERE;CENTRE PETITE VILLE;OUI;CLIENT DISCOUNT;267,8173298;1,27486911
RETAIL EUROPE;SUISSE;Magasin_6;394;BOUTIQUE;68;FROID;LUXE;LOW;TOURISTE;Saisonnière Montagne;STATION SKI;;CLIENT FULL PRICE;326,4676064;1,847250509
RETAIL EUROPE;TURQUIE;Magasin_95;298;BOUTIQUE;143;CHAUD;LUXE;LOW;TOURISTE;PAS SAISONNIERE;CENTRE VILLE GRANDE VILLE;;CLIENT FULL PRICE;513,7037175;1,858543417
RETAIL EUROPE;ESPAGNE;Magasin_163;436;GM;0;CHAUD;PREMIUM;HIGH;LOCALE;PAS SAISONNIERE;CENTRE VILLE GRANDE VILLE;OUI;CLIENT FULL PRICE;188,4142175;0,920424403
RETAIL EUROPE;FRANCE;Magasin_75;13;BOUTIQUE;199;TEMPERE;;;;;;;CLIENT FULL PRICE;408,983028;2,164890073
RETAIL EUROPE;SUEDE;Magasin_12;33;BOUTIQUE;115;FROID;LUXE;LOW;LOCALE;PAS SAISONNIERE;CENTRE VILLE GRANDE VILLE;;CLIENT FULL PRICE;218,50364;1,284910655
RETAIL EUROPE;NORVEGE;Magasin_68;302;BOUTIQUE;169;FROID;LUXE;LOW;LOCALE;PAS SAISONNIERE;CENTRE VILLE GRANDE VILLE;;CLIENT FULL PRICE;217,6593632;1,370591751
RETAIL EUROPE;ESPAGNE;Magasin_151;437;GM;0;CHAUD;PREMIUM;HIGH;TOURISTE;PAS SAISONNIERE;CENTRE VILLE GRANDE VILLE;OUI;CLIENT FULL PRICE;212,7997095;1,053941909
RETAIL EUROPE;UNITED KINGDOM;Magasin_19;391;GM;57,6;TEMPERE;PREMIUM;LOW;LOCALE;PAS SAISONNIERE;CENTRE PETITE VILLE;OUI;CLIENT FULL PRICE;193,4965983;1,016949153
RETAIL EUROPE;PORTUGAL;Magasin_64;441;BOUTIQUE;0;CHAUD;LUXE;LOW;LOCALE;PAS SAISONNIERE;CENTRE VILLE GRANDE VILLE;;CLIENT FULL PRICE;283,2260784;1,656862745
RETAIL EUROPE;FRANCE;Magasin_54;42;GM;69;TEMPERE;PREMIUM;HIGH;LOCALE;PAS SAISONNIERE;CENTRE VILLE GRANDE VILLE;OUI;CLIENT FULL PRICE;228,590311;1,239498091
RETAIL EUROPE;PORTUGAL;Magasin_149;307;GM;45;CHAUD;PREMIUM;LOW;LOCALE;PAS SAISONNIERE;CENTRE VILLE GRANDE VILLE;OUI;CLIENT FULL PRICE;218,7233333;1,319727891
RETAIL EUROPE;FRANCE;Magasin_133;102;GM;24;TEMPERE;;;;;;OUI;CLIENT FULL PRICE;155,4707692;1,240631164
RETAIL EUROPE;FRANCE;Magasin_66;136;BOUTIQUE;156;TEMPERE;;;;;;;CLIENT FULL PRICE;257,687357;1,381265823
RETAIL EUROPE;UNITED KINGDOM;Magasin_183;171;BOUTIQUE;87;TEMPERE;LUXE;LOW;LOCALE;PAS SAISONNIERE;CENTRE VILLE GRANDE VILLE;;CLIENT FULL PRICE;301,9168473;1,62391514
RETAIL EUROPE;Danemark;Magasin_96;321;GM;42;FROID;LUXE;HIGH;TOURISTE;PAS SAISONNIERE;CENTRE VILLE GRANDE VILLE;OUI;CLIENT FULL PRICE;187,5820902;1,088215488
RETAIL EUROPE;SUISSE;Magasin_173;122;BOUTIQUE;30;FROID;LUXE;LOW;TOURISTE;Saisonnière Montagne;STATION SKI;;CLIENT FULL PRICE;179,3273352;1,559440559
RETAIL EUROPE;FRANCE;Magasin_88;272;BOUTIQUE;103;TEMPERE;LUXE;LOW;LOCALE;PAS SAISONNIERE;CENTRE VILLE GRANDE VILLE;;CLIENT FULL PRICE;234,8274989;1,399822301
RETAIL EUROPE;FRANCE;Magasin_124;206;GM;61;TEMPERE;MASS;HIGH;LOCALE;PAS SAISONNIERE;CENTRE PETITE VILLE;OUI;CLIENT DISCOUNT;212,7404082;1,205539359
RETAIL EUROPE;FRANCE;Magasin_123;407;GM;0;CHAUD;;;;;;OUI;CLIENT FULL PRICE;202,213231;1,16374269
RETAIL EUROPE;FRANCE;Magasin_129;173;GM;47;TEMPERE;MASS;LOW;LOCALE;PAS SAISONNIERE;CENTRE PETITE VILLE;OUI;CLIENT FULL PRICE;206,0640256;1,230440967
RETAIL EUROPE;FRANCE;Magasin_71;100;BOUTIQUE;169;TEMPERE;;;;;;;CLIENT FULL PRICE;239,238782;1,441353383
RETAIL EUROPE;FRANCE;Magasin_169;114;BOUTIQUE;49,5;TEMPERE;LUXE;LOW;TOURISTE;Saisonnière littoral;CENTRE PETITE VILLE;;CLIENT FULL PRICE;272,6815962;1,543731778
RETAIL EUROPE;ALLEMAGNE;Magasin_168;377;BOUTIQUE;130;TEMPERE;PREMIUM;LOW;LOCALE;PAS SAISONNIERE;CENTRE VILLE GRANDE VILLE;;CLIENT FULL PRICE;266,7764813;1,581818182
RETAIL EUROPE;FRANCE;Magasin_47;107;GM;28;TEMPERE;PREMIUM;LOW;LOCALE;PAS SAISONNIERE;CENTRE PETITE VILLE;OUI;CLIENT DISCOUNT;150,7974935;1,154046997
RETAIL EUROPE;FRANCE;Magasin_198;328;BOUTIQUE;90;CHAUD;PREMIUM;LOW;TOURISTE;Saisonnière été;CENTRE PETITE VILLE;;CLIENT FULL PRICE;223,1926705;1,311363636
RETAIL EUROPE;FRANCE;Magasin_122;126;GM;38;TEMPERE;PREMIUM;LOW;LOCALE;PAS SAISONNIERE;CENTRE PETITE VILLE;OUI;CLIENT FULL PRICE;201,1634527;1,167519182
RETAIL EUROPE;PAYS-BAS;Magasin_90;304;BOUTIQUE;139;TEMPERE;PREMIUM;LOW;LOCALE;PAS SAISONNIERE;CENTRE PETITE VILLE;;CLIENT DISCOUNT;223,3169816;1,393865031
RETAIL EUROPE;FRANCE;Magasin_113;141;GM;59;CHAUD;;;;;;OUI;CLIENT FULL PRICE;191,7816336;1,123727906
RETAIL EUROPE;PAYS-BAS;Magasin_205;112;BOUTIQUE;120;FROID;LUXE;HIGH;TOURISTE;PAS SAISONNIERE;CENTRE VILLE GRANDE VILLE;;CLIENT FULL PRICE;264,1175309;1,442760943
RETAIL EUROPE;FRANCE;Magasin_9;44;BOUTIQUE;111;CHAUD;;;;;;;CLIENT FULL PRICE;222,0924194;1,273703877
RETAIL EUROPE;GRECE;Magasin_106;329;BOUTIQUE;76;CHAUD;PREMIUM;LOW;TOURISTE;Saisonnière littoral;CENTRE PETITE VILLE;;CLIENT FULL PRICE;218,5750337;1,371794872
RETAIL EUROPE;SUISSE;Magasin_1;395;BOUTIQUE;230,5;TEMPERE;LUXE;LOW;TOURISTE;PAS SAISONNIERE;CENTRE VILLE GRANDE VILLE;;CLIENT FULL PRICE;396,4393628;0
RETAIL EUROPE;ESPAGNE;Magasin_154;244;GM;70;CHAUD;PREMIUM;HIGH;TOURISTE;Saisonnière littoral;CENTRE PETITE VILLE;OUI;CLIENT FULL PRICE;300,8330022;1,780022447
RETAIL EUROPE;FRANCE;Magasin_53;264;GM;17;CHAUD;;;;;;OUI;CLIENT FULL PRICE;213,2789231;1,051748252
RETAIL EUROPE;FRANCE;Magasin_24;227;BOUTIQUE;215;TEMPERE;;;;;;;CLIENT FULL PRICE;328,4263784;1,803560947
RETAIL EUROPE;FRANCE;Magasin_126;49;GM;34,7;TEMPERE;PREMIUM / MASS;MEDIUM;TOURISTE;PAS SAISONNIERE;CENTRE VILLE GRANDE VILLE;OUI;CLIENT DISCOUNT;250,8875251;1,685228152
RETAIL EUROPE;SUISSE;Magasin_140;189;BOUTIQUE;147;TEMPERE;PREMIUM;LOW;LOCALE;PAS SAISONNIERE;CENTRE VILLE GRANDE VILLE;;CLIENT FULL PRICE;427,5425621;1,927544566
RETAIL EUROPE;LUXEMBOURG;Magasin_85;239;BOUTIQUE;186,5;TEMPERE;LUXE;LOW;TOURISTE;PAS SAISONNIERE;CENTRE VILLE GRANDE VILLE;;CLIENT FULL PRICE;320,1609676;1,695575221
RETAIL EUROPE;SUISSE;Magasin_103;345;BOUTIQUE;49;FROID;LUXE;LOW;TOURISTE;Saisonnière Montagne;STATION SKI;;CLIENT FULL PRICE;414,7917583;2,038461538
RETAIL EUROPE;FRANCE;Magasin_132;172;GM;75;TEMPERE;MASS;LOW;LOCALE;PAS SAISONNIERE;CENTRE PETITE VILLE;OUI;CLIENT DISCOUNT;207,6390392;1,259165613
RETAIL EUROPE;FRANCE;Magasin_139;174;GM;55;TEMPERE;;;;;;OUI;CLIENT FULL PRICE;223,0621429;1,227106227
RETAIL EUROPE;ESPAGNE;Magasin_166;318;GM;54;CHAUD;PREMIUM;HIGH;TOURISTE;PAS SAISONNIERE;CENTRE VILLE GRANDE VILLE;OUI;CLIENT FULL PRICE;253,1289819;1,482862903
RETAIL EUROPE;PAYS-BAS;Magasin_204;344;BOUTIQUE;91;FROID;MASS;HIGH;TOURISTE;PAS SAISONNIERE;CENTRE VILLE GRANDE VILLE;;CLIENT DISCOUNT;230,1889673;1,357280308
RETAIL EUROPE;FRANCE;Magasin_117;175;GM;83;TEMPERE;MASS;LOW;TOURISTE;PAS SAISONNIERE;CENTRE PETITE VILLE;OUI;CLIENT FULL PRICE;232,6462426;1,325443787
RETAIL EUROPE;ESPAGNE;Magasin_147;405;GM;0;CHAUD;PREMIUM;LOW;LOCALE;PAS SAISONNIERE;CENTRE PETITE VILLE;OUI;CLIENT FULL PRICE;177,7374274;1,060857538
RETAIL EUROPE;FRANCE;Magasin_111;145;GM;41;TEMPERE;;;;;;OUI;CLIENT FULL PRICE;249,9690925;1,421232877
RETAIL EUROPE;PORTUGAL;Magasin_87;163;BOUTIQUE;209;CHAUD;LUXE;LOW;TOURISTE;PAS SAISONNIERE;CENTRE VILLE GRANDE VILLE;;CLIENT FULL PRICE;287,0778591;1,649744195
RETAIL EUROPE;FRANCE;Magasin_118;104;GM;20;CHAUD;;;;;;OUI;CLIENT FULL PRICE;148,1881759;1,216535433
RETAIL EUROPE;FRANCE;Magasin_125;197;GM;63;TEMPERE;;;;;;OUI;CLIENT FULL PRICE;254,157235;1,391705069
RETAIL EUROPE;UNITED KINGDOM;Magasin_17;121;BOUTIQUE;76;TEMPERE;PREMIUM;HIGH;TOURISTE;PAS SAISONNIERE;CENTRE VILLE GRANDE VILLE;;CLIENT FULL PRICE;286,9263107;1,516397027
RETAIL EUROPE;FRANCE;Magasin_15;2;BOUTIQUE;53;TEMPERE;;;;;;;CLIENT FULL PRICE;206,6425076;1,327918782
RETAIL EUROPE;UNITED KINGDOM;Magasin_2;316;BOUTIQUE;95;TEMPERE;MASS;LOW;LOCALE;PAS SAISONNIERE;CENTRE VILLE GRANDE VILLE;OUI;CLIENT FULL PRICE;244,3169953;1,399505766
RETAIL EUROPE;PORTUGAL;Magasin_150;315;GM;35;CHAUD;PREMIUM;LOW;LOCALE;PAS SAISONNIERE;CENTRE VILLE GRANDE VILLE;OUI;CLIENT FULL PRICE;230,8559363;1,175298805
RETAIL EUROPE;ALLEMAGNE;Magasin_102;203;BOUTIQUE;136;TEMPERE;PREMIUM;LOW;LOCALE;PAS SAISONNIERE;CENTRE VILLE GRANDE VILLE;;CLIENT FULL PRICE;277,2901522;1,555035129
RETAIL EUROPE;SUISSE;Magasin_197;403;BOUTIQUE;170;TEMPERE;LUXE;LOW;LOCALE;PAS SAISONNIERE;CENTRE VILLE GRANDE VILLE;;CLIENT FULL PRICE;333,809224;1,80078125
RETAIL EUROPE;FRANCE;Magasin_131;198;GM;53;CHAUD;;;;;;OUI;CLIENT FULL PRICE;230,8827594;1,23884058
RETAIL EUROPE;FRANCE;Magasin_121;196;GM;54;CHAUD;;;;;;OUI;CLIENT FULL PRICE;202,7948879;1,186915888
RETAIL EUROPE;FRANCE;Magasin_189;361;GM;40;TEMPERE;PREMIUM / MASS;LOW;LOCALE;PAS SAISONNIERE;PERIPHERIE;OUI;CLIENT FULL PRICE;198,5937898;1,277070064
RETAIL EUROPE;FRANCE;Magasin_48;90;GM;49;TEMPERE;PREMIUM;LOW;LOCALE;PAS SAISONNIERE;CENTRE PETITE VILLE;OUI;CLIENT FULL PRICE;296,1200923;1,628717949
RETAIL EUROPE;UNITED KINGDOM;Magasin_21;93;GM;88,4;TEMPERE;PREMIUM;HIGH;LOCALE;PAS SAISONNIERE;CENTRE VILLE GRANDE VILLE;OUI;CLIENT FULL PRICE;363,3573483;1,643159806
RETAIL EUROPE;Danemark;Magasin_176;214;BOUTIQUE;58;FROID;MASS;HIGH;TOURISTE;PAS SAISONNIERE;CENTRE VILLE GRANDE VILLE;;CLIENT FULL PRICE;180,1348736;1,116758242
RETAIL EUROPE;ALLEMAGNE;Magasin_192;356;BOUTIQUE;98,1;TEMPERE;PREMIUM;LOW;LOCALE;PAS SAISONNIERE;CENTRE VILLE GRANDE VILLE;;CLIENT FULL PRICE;244,0566529;1,551652893
RETAIL EUROPE;GRECE;Magasin_199;279;BOUTIQUE;205,5;CHAUD;LUXE;LOW;LOCALE;PAS SAISONNIERE;CENTRE PETITE VILLE;;CLIENT FULL PRICE;256,6188038;1,492822967
RETAIL EUROPE;ESPAGNE;Magasin_83;35;BOUTIQUE;83;CHAUD;PREMIUM;LOW;LOCALE;PAS SAISONNIERE;CENTRE VILLE GRANDE VILLE;;CLIENT FULL PRICE;333,312437;1,791596639
RETAIL EUROPE;FRANCE;Magasin_56;139;GM;26;TEMPERE;LUXE;HIGH;LOCALE;PAS SAISONNIERE;CENTRE VILLE GRANDE VILLE;OUI;CLIENT FULL PRICE;216,6097128;1,108790252
RETAIL EUROPE;FRANCE;Magasin_14;78;BOUTIQUE;72;CHAUD;;;;;;;CLIENT FULL PRICE;266,0770674;1,640686922
RETAIL EUROPE;FRANCE;Magasin_11;71;BOUTIQUE;180;TEMPERE;PREMIUM;LOW;LOCALE;PAS SAISONNIERE;CENTRE VILLE GRANDE VILLE;;CLIENT FULL PRICE;247,2490335;1,462460064
RETAIL EUROPE;FRANCE;Magasin_34;313;GM;17;TEMPERE;;;;;;OUI;CLIENT FULL PRICE;235,0324438;1,087078652
RETAIL EUROPE;FRANCE;Magasin_58;314;GM;45;TEMPERE;PREMIUM / MASS;LOW;LOCALE;PAS SAISONNIERE;CENTRE VILLE GRANDE VILLE;OUI;CLIENT DISCOUNT;179,5299458;1,182640145
RETAIL EUROPE;FRANCE;Magasin_186;1;BOUTIQUE;73,5;TEMPERE;PREMIUM;LOW;LOCALE;PAS SAISONNIERE;CENTRE VILLE GRANDE VILLE;;CLIENT FULL PRICE;286,7922268;1,54216152
RETAIL EUROPE;ESPAGNE;Magasin_196;45;BOUTIQUE;146;CHAUD;PREMIUM;LOW;LOCALE;PAS SAISONNIERE;CENTRE VILLE GRANDE VILLE;;CLIENT FULL PRICE;237,5508857;1,46653144
RETAIL EUROPE;UNITED KINGDOM;Magasin_92;149;BOUTIQUE;61,5;TEMPERE;PREMIUM;HIGH;LOCALE;PAS SAISONNIERE;CENTRE VILLE GRANDE VILLE;;CLIENT FULL PRICE;277,2141663;1,507168459
RETAIL EUROPE;BELGIQUE;Magasin_142;300;BOUTIQUE;303;TEMPERE;PREMIUM;LOW;LOCALE;PAS SAISONNIERE;CENTRE PETITE VILLE;;CLIENT FULL PRICE;242,8167566;1,354686446
RETAIL EUROPE;ESPAGNE;Magasin_80;308;BOUTIQUE;81;CHAUD;LUXE;LOW;TOURISTE;Saisonnière littoral;CENTRE PETITE VILLE;;CLIENT FULL PRICE;253,9457441;1,675938804
RETAIL EUROPE;FRANCE;Magasin_42;30;GM;53;TEMPERE;;;;;;OUI;CLIENT FULL PRICE;265,4419026;1,369702435
RETAIL EUROPE;ESPAGNE;Magasin_195;178;BOUTIQUE;128;CHAUD;LUXE;HIGH;TOURISTE;PAS SAISONNIERE;CENTRE VILLE GRANDE VILLE;;CLIENT FULL PRICE;279,7396666;1,664990738
RETAIL EUROPE;FRANCE;Magasin_104;94;BOUTIQUE;105;TEMPERE;;LOW;LOCALE;PAS SAISONNIERE;CENTRE PETITE VILLE;;CLIENT FULL PRICE;250,7447324;1,485446009
RETAIL EUROPE;FRANCE;Magasin_115;116;GM;39;TEMPERE;PREMIUM;HIGH;LOCALE;PAS SAISONNIERE;CENTRE VILLE GRANDE VILLE;OUI;CLIENT FULL PRICE;223,6827116;1,198412698
RETAIL EUROPE;SUISSE;Magasin_108;296;GM;34,5;TEMPERE;PREMIUM;LOW;LOCALE;PAS SAISONNIERE;CENTRE PETITE VILLE;OUI;CLIENT FULL PRICE;326,4779175;1,628539071
RETAIL EUROPE;ITALIE;Magasin_29;67;GM;36;TEMPERE;PREMIUM;MEDIUM;TOURISTE;PAS SAISONNIERE;PERIPHERIE;OUI;CLIENT FULL PRICE;346,5571678;1,73986014
RETAIL EUROPE;PAYS-BAS;Magasin_170;445;GM;0;TEMPERE;PREMIUM;HIGH;LOCALE;PAS SAISONNIERE;CENTRE PETITE VILLE;OUI;CLIENT DISCOUNT;292,7099187;1,62601626
RETAIL EUROPE;FRANCE;Magasin_4;450;BOUTIQUE;0;TEMPERE;;;;;;;CLIENT FULL PRICE;248,4767297;1,364839319
RETAIL EUROPE;FRANCE;Magasin_185;310;BOUTIQUE;216;TEMPERE;PREMIUM;MEDIUM;TOURISTE;PAS SAISONNIERE;CENTRE VILLE GRANDE VILLE;;CLIENT FULL PRICE;252,0343927;1,474970896
RETAIL EUROPE;FRANCE;Magasin_45;76;GM;30,5;TEMPERE;PREMIUM / MASS;LOW;LOCALE;PAS SAISONNIERE;CENTRE VILLE GRANDE VILLE;OUI;CLIENT DISCOUNT;185,9897942;1,094339623
RETAIL EUROPE;BELGIQUE;Magasin_201;427;BOUTIQUE;0;TEMPERE;PREMIUM;HIGH;LOCALE;PAS SAISONNIERE;CENTRE VILLE GRANDE VILLE;;CLIENT FULL PRICE;253,4881713;1,406293706
RETAIL EUROPE;FRANCE;Magasin_203;347;BOUTIQUE;79;FROID;PREMIUM / MASS;LOW;LOCALE;PAS SAISONNIERE;CENTRE PETITE VILLE;;CLIENT FULL PRICE;272,5773021;1,44375
RETAIL EUROPE;UNITED KINGDOM;Magasin_100;242;GM;50;TEMPERE;PREMIUM;HIGH;LOCALE;PAS SAISONNIERE;CENTRE VILLE GRANDE VILLE;OUI;CLIENT FULL PRICE;325,5146775;1,384379786
RETAIL EUROPE;FRANCE;Magasin_114;169;GM;50;CHAUD;;;;;;OUI;CLIENT FULL PRICE;220,926376;1,416666667
RETAIL EUROPE;FRANCE;Magasin_178;97;BOUTIQUE;122;CHAUD;PREMIUM;HIGH;TOURISTE;Saisonnière littoral;CENTRE PETITE VILLE;;CLIENT FULL PRICE;257,5857998;1,528169014
RETAIL EUROPE;ITALIE;Magasin_28;125;GM;21,3;CHAUD;PREMIUM / MASS;LOW;LOCALE;PAS SAISONNIERE;CENTRE VILLE GRANDE VILLE;OUI;CLIENT DISCOUNT;245,4839626;1,502340094
RETAIL EUROPE;ESPAGNE;Magasin_165;326;GM;69;CHAUD;PREMIUM;LOW;LOCALE;PAS SAISONNIERE;CENTRE VILLE GRANDE VILLE;OUI;CLIENT FULL PRICE;201,9449522;1,213813373
RETAIL EUROPE;ITALIE;Magasin_27;430;GM;0;CHAUD;PREMIUM;LOW;TOURISTE;PAS SAISONNIERE;CENTRE VILLE GRANDE VILLE;OUI;CLIENT FULL PRICE;270,2727723;1,42970297
RETAIL EUROPE;FRANCE;Magasin_207;52;BOUTIQUE;52;CHAUD;PREMIUM;LOW;LOCALE;PAS SAISONNIERE;centre ville moyen;;CLIENT FULL PRICE;228,9015185;1,32017982
RETAIL EUROPE;ALLEMAGNE;Magasin_94;250;GM;57;TEMPERE;LUXE;HIGH;TOURISTE;PAS SAISONNIERE;CENTRE VILLE GRANDE VILLE;OUI;CLIENT FULL PRICE;353,2867308;1,90491453
RETAIL EUROPE;ESPAGNE;Magasin_81;187;BOUTIQUE;181;CHAUD;LUXE;HIGH;TOURISTE;PAS SAISONNIERE;CENTRE VILLE GRANDE VILLE;;CLIENT FULL PRICE;276,7720143;1,554723708
RETAIL EUROPE;FRANCE;Magasin_134;28;GM;42;TEMPERE;;;;;;OUI;CLIENT FULL PRICE;238,8982105;1,348178138
RETAIL EUROPE;FRANCE;Magasin_61;60;GM;27;TEMPERE;PREMIUM;LOW;TOURISTE;PAS SAISONNIERE;CENTRE VILLE GRANDE VILLE;OUI;CLIENT DISCOUNT;246,1642793;1,170045045
RETAIL EUROPE;PAYS-BAS;Magasin_171;444;GM;0;TEMPERE;PREMIUM;HIGH;TOURISTE;PAS SAISONNIERE;CENTRE VILLE GRANDE VILLE;OUI;CLIENT DISCOUNT;231,6087952;1,295180723
RETAIL EUROPE;FRANCE;Magasin_130;221;GM;46;FROID;MASS;LOW;LOCALE;PAS SAISONNIERE;CENTRE PETITE VILLE;OUI;CLIENT FULL PRICE;218,7916667;1,348101266
RETAIL EUROPE;ESPAGNE;Magasin_159;162;GM;90;CHAUD;PREMIUM;HIGH;LOCALE;PAS SAISONNIERE;CENTRE VILLE GRANDE VILLE;OUI;CLIENT FULL PRICE;183,3127819;1,031663974
RETAIL EUROPE;BELGIQUE;Magasin_181;364;BOUTIQUE;348,5;TEMPERE;PREMIUM;HIGH;LOCALE;PAS SAISONNIERE;CENTRE VILLE GRANDE VILLE;;CLIENT FULL PRICE;313,7354028;1,707605634
RETAIL EUROPE;ESPAGNE;Magasin_158;432;GM;0;CHAUD;PREMIUM;LOW;LOCALE;PAS SAISONNIERE;CENTRE VILLE GRANDE VILLE;OUI;CLIENT FULL PRICE;159,6308883;1,096446701
RETAIL EUROPE;FRANCE;Magasin_174;96;BOUTIQUE;29;FROID;LUXE;LOW;TOURISTE;Saisonnière Montagne;STATION SKI;;CLIENT FULL PRICE;333,8881529;1,72611465
RETAIL EUROPE;ALLEMAGNE;Magasin_72;200;BOUTIQUE;105;TEMPERE;LUXE;LOW;LOCALE;PAS SAISONNIERE;CENTRE VILLE GRANDE VILLE;;CLIENT FULL PRICE;327,6215098;1,861747243
RETAIL EUROPE;ESPAGNE;Magasin_153;306;GM;89;CHAUD;PREMIUM;LOW;LOCALE;Saisonnière littoral;CENTRE PETITE VILLE;OUI;CLIENT FULL PRICE;231,777591;1,391347099
RETAIL EUROPE;FRANCE;Magasin_5;134;BOUTIQUE;230;TEMPERE;;;;;;;CLIENT FULL PRICE;232,037468;1,452347084
RETAIL EUROPE;FRANCE;Magasin_50;336;GM;17;CHAUD;;;;;;OUI;CLIENT FULL PRICE;204,1348867;1,056634304
RETAIL EUROPE;FRANCE;Magasin_191;247;GM;25,75;TEMPERE;PREMIUM;HIGH;LOCALE;PAS SAISONNIERE;CENTRE VILLE GRANDE VILLE;OUI;CLIENT DISCOUNT;241,8416481;1,432698621
RETAIL EUROPE;ESPAGNE;Magasin_145;431;GM;0;CHAUD;PREMIUM;LOW;LOCALE;PAS SAISONNIERE;CENTRE VILLE GRANDE VILLE;OUI;CLIENT FULL PRICE;125,1654798;0,926767677
RETAIL EUROPE;ESPAGNE;Magasin_167;399;GM;47;CHAUD;PREMIUM;LOW;LOCALE;Saisonnière littoral;CENTRE PETITE VILLE;OUI;CLIENT FULL PRICE;230,1504795;1,543018336
RETAIL EUROPE;GRECE;Magasin_200;223;BOUTIQUE;101,5;CHAUD;LUXE;HIGH;TOURISTE;PAS SAISONNIERE;CENTRE VILLE GRANDE VILLE;;CLIENT FULL PRICE;252,5509811;1,469159786
RETAIL EUROPE;FRANCE;Magasin_194;259;BOUTIQUE;210;TEMPERE;PREMIUM / MASS;HIGH;LOCALE;PAS SAISONNIERE;CENTRE VILLE GRANDE VILLE;OUI;CLIENT DISCOUNT;251,2757763;1,475349522
RETAIL EUROPE;ALLEMAGNE;Magasin_93;251;GM;47;TEMPERE;LUXE;HIGH;TOURISTE;PAS SAISONNIERE;CENTRE VILLE GRANDE VILLE;OUI;CLIENT FULL PRICE;309,0250827;1,872340426
RETAIL EUROPE;BELGIQUE;Magasin_202;54;BOUTIQUE;89;TEMPERE;PREMIUM;LOW;LOCALE;PAS SAISONNIERE;CENTRE VILLE GRANDE VILLE;;CLIENT FULL PRICE;202,9680328;1,482695811
RETAIL EUROPE;UNITED KINGDOM;Magasin_3;72;BOUTIQUE;125,5;TEMPERE;PREMIUM;LOW;LOCALE;PAS SAISONNIERE;CENTRE VILLE GRANDE VILLE;;CLIENT FULL PRICE;295,9135472;1,521793275
RETAIL EUROPE;Danemark;Magasin_175;348;BOUTIQUE;99;FROID;PREMIUM;LOW;LOCALE;PAS SAISONNIERE;CENTRE VILLE GRANDE VILLE;;CLIENT FULL PRICE;190,245027;1,19089317
RETAIL EUROPE;FRANCE;Magasin_184;408;BOUTIQUE;0;TEMPERE;PREMIUM;MEDIUM;LOCALE;PAS SAISONNIERE;centre ville moyen;;CLIENT FULL PRICE;238,9860386;1,365700483
RETAIL EUROPE;FRANCE;Magasin_127;18;GM;127;TEMPERE;PREMIUM / MASS;HIGH;TOURISTE;PAS SAISONNIERE;CENTRE VILLE GRANDE VILLE;OUI;CLIENT DISCOUNT;275,9008292;1,430486284
RETAIL EUROPE;IRLANDE;Magasin_182;156;GM;58;TEMPERE;PREMIUM;HIGH;LOCALE;PAS SAISONNIERE;CENTRE VILLE GRANDE VILLE;OUI;CLIENT FULL PRICE;195,2183057;1,067248908
RETAIL EUROPE;ESPAGNE;Magasin_152;363;GM;40;CHAUD;PREMIUM;LOW;TOURISTE;Saisonnière littoral;CENTRE PETITE VILLE;OUI;CLIENT FULL PRICE;213,201904;1,33126935
RETAIL EUROPE;FRANCE;Magasin_137;166;GM;32;CHAUD;;;;;;OUI;CLIENT FULL PRICE;212,0748661;1,214285714
RETAIL EUROPE;FRANCE;Magasin_57;380;GM;43;TEMPERE;PREMIUM / MASS;LOW;TOURISTE;PAS SAISONNIERE;CENTRE PETITE VILLE;OUI;CLIENT FULL PRICE;268,5012882;1,473799127
RETAIL EUROPE;FRANCE;Magasin_23;342;BOUTIQUE;117;TEMPERE;;LOW;LOCALE;PAS SAISONNIERE;CENTRE PETITE VILLE;;CLIENT FULL PRICE;208,1271479;1,318343195
RETAIL EUROPE;FRANCE;Magasin_135;194;GM;53;CHAUD;;;;;;OUI;CLIENT FULL PRICE;228,205369;1,360347323
RETAIL EUROPE;FRANCE;Magasin_8;17;BOUTIQUE;193;TEMPERE;PREMIUM;MEDIUM;TOURISTE;PAS SAISONNIERE;CENTRE VILLE GRANDE VILLE;;CLIENT FULL PRICE;301,8385559;1,717391304
